INSERT INTO `movie_rating`.`films` (`title`, `type`, `realese_year`, `director`) VALUES ('Звёздные войны. Эпизод I: Скрытая угроза', 'Полнометражный', 1999, 'Джордж Лукас');
INSERT INTO `movie_rating`.`films` (`title`, `type`, `realese_year`, `director`) VALUES ('Звёздные войны. Эпизод II: Атака клонов', 'Полнометражный', 2002, 'Джордж Лукас');
INSERT INTO `movie_rating`.`films` (`title`, `type`, `realese_year`, `director`) VALUES ('Звёздные войны. Эпизод III: Месть си́тхов', 'Полнометражный', 2005, 'Джордж Лукас');
INSERT INTO `movie_rating`.`films` (`title`, `type`, `realese_year`, `director`) VALUES ('Звёздные войны. Эпизод IV: Новая надежда', 'Полнометражный', 1977, 'Джордж Лукас');
INSERT INTO `movie_rating`.`films` (`title`, `type`, `realese_year`, `director`) VALUES ('Звёздные войны. Эпизод V: Империя наносит ответный удар', 'Полнометражный', 1980, 'Джордж Лукас');
INSERT INTO `movie_rating`.`films` (`title`, `type`, `realese_year`, `director`) VALUES ('Звёздные войны. Эпизод VI: Возвращение джедая', 'Полнометражный', 1983, 'Джордж Лукас');
INSERT INTO `movie_rating`.`films` (`title`, `type`, `realese_year`, `director`) VALUES ('Властели́н коле́ц: Бра́тство Кольца́', 'Полнометражный', 2001, 'Питер Джексон');
INSERT INTO `movie_rating`.`films` (`title`, `type`, `realese_year`, `director`) VALUES ('Властели́н коле́ц: Две кре́пости', 'Полнометражный', 2002, 'Питер Джексон');
INSERT INTO `movie_rating`.`films` (`title`, `type`, `realese_year`, `director`) VALUES ('Властели́н коле́ц: Возвраще́ние короля́', 'Полнометражный', 2003, 'Питер Джексон');
INSERT INTO `movie_rating`.`films` (`title`, `type`, `director`) VALUES ('Секре́тные материа́лы', 'Сериал', 'Роб Боумен');
INSERT INTO `movie_rating`.`films` (`title`, `type`, `realese_year`, `director`) VALUES ('Десятое королевство', 'Мини-сериал', 1999, 'Саймон Мур');

INSERT INTO `movie_rating`.`genre` (`genre`) VALUES ('фантастика');
INSERT INTO `movie_rating`.`genre` (`genre`) VALUES ('приключения');
INSERT INTO `movie_rating`.`genre` (`genre`) VALUES ('космическая опера');
INSERT INTO `movie_rating`.`genre` (`genre`) VALUES ('научная фантастика');
INSERT INTO `movie_rating`.`genre` (`genre`) VALUES ('фэнтези');
INSERT INTO `movie_rating`.`genre` (`genre`) VALUES ('драма');
INSERT INTO `movie_rating`.`genre` (`genre`) VALUES ('комедия');
INSERT INTO `movie_rating`.`genre` (`genre`) VALUES ('детектив');
INSERT INTO `movie_rating`.`genre` (`genre`) VALUES ('триллер');
INSERT INTO `movie_rating`.`genre` (`genre`) VALUES ('фильм ужасов');


INSERT INTO `movie_rating`.`films_has_genre` (`films_id_films`, `genre_id_genre`) VALUES ('1', '1');
INSERT INTO `movie_rating`.`films_has_genre` (`films_id_films`, `genre_id_genre`) VALUES ('1', '2');
INSERT INTO `movie_rating`.`films_has_genre` (`films_id_films`, `genre_id_genre`) VALUES ('1', '3');
INSERT INTO `movie_rating`.`films_has_genre` (`films_id_films`, `genre_id_genre`) VALUES ('3', '1');
INSERT INTO `movie_rating`.`films_has_genre` (`films_id_films`, `genre_id_genre`) VALUES ('3', '2');
INSERT INTO `movie_rating`.`films_has_genre` (`films_id_films`, `genre_id_genre`) VALUES ('3', '3');
INSERT INTO `movie_rating`.`films_has_genre` (`films_id_films`, `genre_id_genre`) VALUES ('2', '1');
INSERT INTO `movie_rating`.`films_has_genre` (`films_id_films`, `genre_id_genre`) VALUES ('2', '2');
INSERT INTO `movie_rating`.`films_has_genre` (`films_id_films`, `genre_id_genre`) VALUES ('2', '3');
INSERT INTO `movie_rating`.`films_has_genre` (`films_id_films`, `genre_id_genre`) VALUES ('4', '1');
INSERT INTO `movie_rating`.`films_has_genre` (`films_id_films`, `genre_id_genre`) VALUES ('4', '2');
INSERT INTO `movie_rating`.`films_has_genre` (`films_id_films`, `genre_id_genre`) VALUES ('4', '3');
INSERT INTO `movie_rating`.`films_has_genre` (`films_id_films`, `genre_id_genre`) VALUES ('5', '1');
INSERT INTO `movie_rating`.`films_has_genre` (`films_id_films`, `genre_id_genre`) VALUES ('5', '2');
INSERT INTO `movie_rating`.`films_has_genre` (`films_id_films`, `genre_id_genre`) VALUES ('5', '3');
INSERT INTO `movie_rating`.`films_has_genre` (`films_id_films`, `genre_id_genre`) VALUES ('6', '1');
INSERT INTO `movie_rating`.`films_has_genre` (`films_id_films`, `genre_id_genre`) VALUES ('6', '2');
INSERT INTO `movie_rating`.`films_has_genre` (`films_id_films`, `genre_id_genre`) VALUES ('6', '3');
INSERT INTO `movie_rating`.`films_has_genre` (`films_id_films`, `genre_id_genre`) VALUES ('7', '5');
INSERT INTO `movie_rating`.`films_has_genre` (`films_id_films`, `genre_id_genre`) VALUES ('7', '6');
INSERT INTO `movie_rating`.`films_has_genre` (`films_id_films`, `genre_id_genre`) VALUES ('7', '2');
INSERT INTO `movie_rating`.`films_has_genre` (`films_id_films`, `genre_id_genre`) VALUES ('8', '5');
INSERT INTO `movie_rating`.`films_has_genre` (`films_id_films`, `genre_id_genre`) VALUES ('8', '6');
INSERT INTO `movie_rating`.`films_has_genre` (`films_id_films`, `genre_id_genre`) VALUES ('8', '2');
INSERT INTO `movie_rating`.`films_has_genre` (`films_id_films`, `genre_id_genre`) VALUES ('9', '5');
INSERT INTO `movie_rating`.`films_has_genre` (`films_id_films`, `genre_id_genre`) VALUES ('9', '6');
INSERT INTO `movie_rating`.`films_has_genre` (`films_id_films`, `genre_id_genre`) VALUES ('9', '2');
INSERT INTO `movie_rating`.`films_has_genre` (`films_id_films`, `genre_id_genre`) VALUES ('10', '4');
INSERT INTO `movie_rating`.`films_has_genre` (`films_id_films`, `genre_id_genre`) VALUES ('10', '6');
INSERT INTO `movie_rating`.`films_has_genre` (`films_id_films`, `genre_id_genre`) VALUES ('11', '1');
INSERT INTO `movie_rating`.`films_has_genre` (`films_id_films`, `genre_id_genre`) VALUES ('11', '2');
INSERT INTO `movie_rating`.`films_has_genre` (`films_id_films`, `genre_id_genre`) VALUES ('11', '5');
INSERT INTO `movie_rating`.`films_has_genre` (`films_id_films`, `genre_id_genre`) VALUES ('11', '7');


INSERT INTO `movie_rating`.`country` (`name_country`) VALUES ('США');
INSERT INTO `movie_rating`.`country` (`name_country`) VALUES ('Новая Зеландия');
INSERT INTO `movie_rating`.`country` (`name_country`) VALUES ('Великобритания');
INSERT INTO `movie_rating`.`country` (`name_country`) VALUES ('Германия');

INSERT INTO `movie_rating`.`country_has_films` (`country_id_country`, `film_id_films`) VALUES ('1', '1');
INSERT INTO `movie_rating`.`country_has_films` (`country_id_country`, `film_id_films`) VALUES ('1', '2');
INSERT INTO `movie_rating`.`country_has_films` (`country_id_country`, `film_id_films`) VALUES ('1', '3');
INSERT INTO `movie_rating`.`country_has_films` (`country_id_country`, `film_id_films`) VALUES ('1', '4');
INSERT INTO `movie_rating`.`country_has_films` (`country_id_country`, `film_id_films`) VALUES ('1', '5');
INSERT INTO `movie_rating`.`country_has_films` (`country_id_country`, `film_id_films`) VALUES ('1', '6');
INSERT INTO `movie_rating`.`country_has_films` (`country_id_country`, `film_id_films`) VALUES ('1', '7');
INSERT INTO `movie_rating`.`country_has_films` (`country_id_country`, `film_id_films`) VALUES ('1', '8');
INSERT INTO `movie_rating`.`country_has_films` (`country_id_country`, `film_id_films`) VALUES ('1', '9');
INSERT INTO `movie_rating`.`country_has_films` (`country_id_country`, `film_id_films`) VALUES ('1', '10');
INSERT INTO `movie_rating`.`country_has_films` (`country_id_country`, `film_id_films`) VALUES ('2', '7');
INSERT INTO `movie_rating`.`country_has_films` (`country_id_country`, `film_id_films`) VALUES ('2', '8');
INSERT INTO `movie_rating`.`country_has_films` (`country_id_country`, `film_id_films`) VALUES ('2', '9');
INSERT INTO `movie_rating`.`country_has_films` (`country_id_country`, `film_id_films`) VALUES ('1', '11');
INSERT INTO `movie_rating`.`country_has_films` (`country_id_country`, `film_id_films`) VALUES ('3', '11');
INSERT INTO `movie_rating`.`country_has_films` (`country_id_country`, `film_id_films`) VALUES ('4', '11');

INSERT INTO `movie_rating`.`lang` (`id_lang`, `langname`) VALUES ('en', 'English');
INSERT INTO `movie_rating`.`lang` (`id_lang`, `langname`) VALUES ('ru', 'Русский');

INSERT INTO `movie_rating`.`tgenre` (`lang_id_lang`, `genre_id_genre`, `tgerne`) VALUES ('ru', '1', 'фантастика');
INSERT INTO `movie_rating`.`tgenre` (`lang_id_lang`, `genre_id_genre`, `tgerne`) VALUES ('ru', '2', 'приключения');
INSERT INTO `movie_rating`.`tgenre` (`lang_id_lang`, `genre_id_genre`, `tgerne`) VALUES ('ru', '3', 'космическая опера');
INSERT INTO `movie_rating`.`tgenre` (`lang_id_lang`, `genre_id_genre`, `tgerne`) VALUES ('ru', '4', 'научная фантастика');
INSERT INTO `movie_rating`.`tgenre` (`lang_id_lang`, `genre_id_genre`, `tgerne`) VALUES ('ru', '5', 'фэнтези');
INSERT INTO `movie_rating`.`tgenre` (`lang_id_lang`, `genre_id_genre`, `tgerne`) VALUES ('ru', '6', 'драма');
INSERT INTO `movie_rating`.`tgenre` (`lang_id_lang`, `genre_id_genre`, `tgerne`) VALUES ('ru', '7', 'комедия');
INSERT INTO `movie_rating`.`tgenre` (`lang_id_lang`, `genre_id_genre`, `tgerne`) VALUES ('ru', '8', 'детектив');
INSERT INTO `movie_rating`.`tgenre` (`lang_id_lang`, `genre_id_genre`, `tgerne`) VALUES ('ru', '9', 'триллер');
INSERT INTO `movie_rating`.`tgenre` (`lang_id_lang`, `genre_id_genre`, `tgerne`) VALUES ('ru', '10', 'фильм ужасов');
INSERT INTO `movie_rating`.`tgenre` (`lang_id_lang`, `genre_id_genre`, `tgerne`) VALUES ('en', '1', 'Speculative fiction');
INSERT INTO `movie_rating`.`tgenre` (`lang_id_lang`, `genre_id_genre`, `tgerne`) VALUES ('en', '2', 'Adventure');
INSERT INTO `movie_rating`.`tgenre` (`lang_id_lang`, `genre_id_genre`, `tgerne`) VALUES ('en', '3', 'Space opera');
INSERT INTO `movie_rating`.`tgenre` (`lang_id_lang`, `genre_id_genre`, `tgerne`) VALUES ('en', '4', 'Science fiction');
INSERT INTO `movie_rating`.`tgenre` (`lang_id_lang`, `genre_id_genre`, `tgerne`) VALUES ('en', '5', 'Fantacy');
INSERT INTO `movie_rating`.`tgenre` (`lang_id_lang`, `genre_id_genre`, `tgerne`) VALUES ('en', '6', 'Drama');
INSERT INTO `movie_rating`.`tgenre` (`lang_id_lang`, `genre_id_genre`, `tgerne`) VALUES ('en', '7', 'Comedy');
INSERT INTO `movie_rating`.`tgenre` (`lang_id_lang`, `genre_id_genre`, `tgerne`) VALUES ('en', '8', 'Detective');
INSERT INTO `movie_rating`.`tgenre` (`lang_id_lang`, `genre_id_genre`, `tgerne`) VALUES ('en', '9', 'Thriller');
INSERT INTO `movie_rating`.`tgenre` (`lang_id_lang`, `genre_id_genre`, `tgerne`) VALUES ('en', '10', 'Horror');

INSERT INTO `movie_rating`.`tcountry` (`country_id_country`, `lang_id_lang`, `tname_country`) VALUES ('1', 'ru', 'США');
INSERT INTO `movie_rating`.`tcountry` (`country_id_country`, `lang_id_lang`, `tname_country`) VALUES ('2', 'ru', 'Новая Зеландия');
INSERT INTO `movie_rating`.`tcountry` (`country_id_country`, `lang_id_lang`, `tname_country`) VALUES ('3', 'ru', 'Великобритания');
INSERT INTO `movie_rating`.`tcountry` (`country_id_country`, `lang_id_lang`, `tname_country`) VALUES ('4', 'ru', 'Германия');
INSERT INTO `movie_rating`.`tcountry` (`country_id_country`, `lang_id_lang`, `tname_country`) VALUES ('1', 'en', 'USA');
INSERT INTO `movie_rating`.`tcountry` (`country_id_country`, `lang_id_lang`, `tname_country`) VALUES ('2', 'en', 'New Zealand');
INSERT INTO `movie_rating`.`tcountry` (`country_id_country`, `lang_id_lang`, `tname_country`) VALUES ('3', 'en', 'United Kingdom');
INSERT INTO `movie_rating`.`tcountry` (`country_id_country`, `lang_id_lang`, `tname_country`) VALUES ('4', 'en', 'Germany');

INSERT INTO `movie_rating`.`tfilms` (`lang_id_lang`, `films_id_film`, `ttitle`, `ttype`, `tdirector`) VALUES ('ru', '1', 'Звёздные войны. Эпизод I: Скрытая угроза', 'Полнометражный', 'Джордж Лукас');
INSERT INTO `movie_rating`.`tfilms` (`lang_id_lang`, `films_id_film`, `ttitle`, `ttype`, `tdirector`) VALUES ('ru', '2', 'Звёздные войны. Эпизод II: Атака клонов', 'Полнометражный', 'Джордж Лукас');
INSERT INTO `movie_rating`.`tfilms` (`lang_id_lang`, `films_id_film`, `ttitle`, `ttype`, `tdirector`) VALUES ('ru', '4', 'Звёздные войны. Эпизод IV: Новая надежда', 'Полнометражный', 'Джордж Лукас');
INSERT INTO `movie_rating`.`tfilms` (`lang_id_lang`, `films_id_film`, `ttitle`, `ttype`, `tdirector`) VALUES ('ru', '5', 'Звёздные войны. Эпизод V: Империя наносит ответный удар', 'Полнометражный', 'Джордж Лукас');
INSERT INTO `movie_rating`.`tfilms` (`lang_id_lang`, `films_id_film`, `ttitle`, `ttype`, `tdirector`) VALUES ('ru', '6', 'Звёздные войны. Эпизод VI: Возвращение джедая', 'Полнометражный', 'Джордж Лукас');
INSERT INTO `movie_rating`.`tfilms` (`lang_id_lang`, `films_id_film`, `ttitle`, `ttype`, `tdirector`) VALUES ('ru', '7', 'Властели́н коле́ц: Бра́тство Кольца́', 'Полнометражный', 'Питер Джексон');
INSERT INTO `movie_rating`.`tfilms` (`lang_id_lang`, `films_id_film`, `ttitle`, `ttype`, `tdirector`) VALUES ('ru', '8', 'Властели́н коле́ц: Две кре́пости', 'Полнометражный', 'Питер Джексон');
INSERT INTO `movie_rating`.`tfilms` (`lang_id_lang`, `films_id_film`, `ttitle`, `ttype`, `tdirector`) VALUES ('ru', '9', 'Властели́н коле́ц: Возвраще́ние короля́', 'Полнометражный', 'Питер Джексон');
INSERT INTO `movie_rating`.`tfilms` (`lang_id_lang`, `films_id_film`, `ttitle`, `ttype`, `tdirector`) VALUES ('ru', '10', 'Секре́тные материа́лы', 'Сериал', 'Роб Боумен');
INSERT INTO `movie_rating`.`tfilms` (`lang_id_lang`, `films_id_film`, `ttitle`, `ttype`, `tdirector`) VALUES ('ru', '11', 'Десятое королевство', 'Мини-сериал', 'Саймон Мур');
INSERT INTO `movie_rating`.`tfilms` (`lang_id_lang`, `films_id_film`, `ttitle`, `ttype`, `tdirector`) VALUES ('ru', '3', 'Звёздные войны. Эпизод III: Месть си́тхов', 'Полнометражный', 'Джордж Лукас');
INSERT INTO `movie_rating`.`tfilms` (`lang_id_lang`, `films_id_film`, `ttitle`, `ttype`, `tdirector`) VALUES ('en', '1', 'Star Wars: Episode I – The Phantom Menace', 'Full-length', 'George Lucas');
INSERT INTO `movie_rating`.`tfilms` (`lang_id_lang`, `films_id_film`, `ttitle`, `ttype`, `tdirector`) VALUES ('en', '2', 'Star Wars: Episode II – Attack of the Clones', 'Full-length', 'George Lucas');
INSERT INTO `movie_rating`.`tfilms` (`lang_id_lang`, `films_id_film`, `ttitle`, `ttype`, `tdirector`) VALUES ('en', '3', 'Star Wars: Episode III – Revenge of the Sith', 'Full-length', 'George Lucas');
INSERT INTO `movie_rating`.`tfilms` (`lang_id_lang`, `films_id_film`, `ttitle`, `ttype`, `tdirector`) VALUES ('en', '4', 'Star Wars: Episode IV – A New Hope', 'Full-length', 'George Lucas');
INSERT INTO `movie_rating`.`tfilms` (`lang_id_lang`, `films_id_film`, `ttitle`, `ttype`, `tdirector`) VALUES ('en', '5', 'Star Wars: Episode V – The Empire Strikes Back ', 'Full-length', 'George Lucas');
INSERT INTO `movie_rating`.`tfilms` (`lang_id_lang`, `films_id_film`, `ttitle`, `ttype`, `tdirector`) VALUES ('en', '6', 'Star Wars: Episode VI – Return of the Jedi', 'Full-length', 'George Lucas');

INSERT INTO `movie_rating`.`users` (`login`, `email`, `password`, `admin_flag`, `status`, `access`) VALUES ('pasha', 'p@gmail.com', '123456', '1', '0', '0');
INSERT INTO `movie_rating`.`users` (`login`, `email`, `password`, `admin_flag`, `status`, `access`) VALUES ('masha', 'masha@mail.ru', '5678', '0', '0', '1');
INSERT INTO `movie_rating`.`users` (`login`, `email`, `password`, `admin_flag`, `status`, `access`) VALUES ('supercat', 'cat@tut.by', '8907', '0', '0', '0');
INSERT INTO `movie_rating`.`users` (`login`, `email`, `password`, `admin_flag`, `status`, `access`) VALUES ('vasya', 'vasya@tut.by', 'qwerty', '0', '0', '0');

INSERT INTO `movie_rating`.`rating` (`film_id_film`, `users_id_user`, `rating`) VALUES ('11', '1', '9');
INSERT INTO `movie_rating`.`rating` (`film_id_film`, `users_id_user`, `rating`) VALUES ('6', '1', '8');
INSERT INTO `movie_rating`.`rating` (`film_id_film`, `users_id_user`, `rating`) VALUES ('10', '2', '9');
INSERT INTO `movie_rating`.`rating` (`film_id_film`, `users_id_user`, `rating`) VALUES ('5', '2', '10');
INSERT INTO `movie_rating`.`rating` (`film_id_film`, `users_id_user`, `rating`) VALUES ('5', '3', '9');
INSERT INTO `movie_rating`.`rating` (`film_id_film`, `users_id_user`, `rating`) VALUES ('10', '4', '4');
INSERT INTO `movie_rating`.`rating` (`film_id_film`, `users_id_user`, `rating`) VALUES ('1', '3', '4');